{"cameraMode":{"drawMode":0,"name":"Shaded","section":"Shading Mode"},"sceneLighting":true,"audioPlay":false,"sceneViewState":{"m_AlwaysRefresh":false,"showFog":true,"showSkybox":true,"showFlares":true,"showImageEffects":true,"showParticleSystems":true,"showVisualEffectGraphs":true,"m_FxEnabled":true},"in2DMode":false,"pivot":{"x":-0.7557449340820313,"y":1.1073766946792603,"z":-5.71849250793457},"rotation":{"x":-0.01214095950126648,"y":0.9158211946487427,"z":-0.027766581624746324,"w":-0.4004409611225128},"size":5.4797587394714359,"orthographic":false}